{
  "cpu": {
    "fqbn": "esp8266:esp8266:generic:CrystalFreq=26,FlashFreq=40,FlashMode=dout,ResetMethod=ck,baud=115200,dbg=Disabled,eesz=512K,exception=disabled,ip=lm2f,led=2,lvl=None____,vt=flash,wipe=none,xtal=80",
    "name": "Generic ESP8266 Module",
    "type": "serial"
  },
  "secrets": [
    {
      "name": "SECRET_SSID",
      "value": ""
    },
    {
      "name": "SECRET_PASS",
      "value": ""
    },
    {
      "name": "SECRET_DEVICE_KEY",
      "value": ""
    }
  ],
  "included_libs": []
}